{
  "android": {
    "font_size": 125,
    "isForked": false
  },
  "background_color": "2aa9eeff",
  "bg_type": "one",
  "desktopweb": {
    "font_size": 125,
    "isForked": false
  },
  "fontSizeInPx": false,
  "font_color": "ffffff",
  "font_name": "Arial, Helvetica, sans-serif",
  "font_size": 125,
  "font_weight": "normal",
  "ipad": {
    "font_size": 125,
    "isForked": false
  },
  "iphone": {
    "font_name": "HelveticaNeue",
    "font_size": 125,
    "isForked": false
  },
  "isDefaultSkin": false,
  "kiosk": {
    "font_size": 125,
    "isForked": false
  },
  "kuid": "sf8e775667a74cfbb563e5f88aa51abd",
  "spaan": {
    "font_size": 125,
    "isForked": false
  },
  "spaandroidtablet": {
    "font_size": 125,
    "isForked": false
  },
  "spabb": {
    "font_size": 125,
    "isForked": false
  },
  "spaip": {
    "font_size": 125,
    "isForked": false
  },
  "spaipad": {
    "font_size": 125,
    "isForked": false
  },
  "spawindowstablet": {
    "font_size": 125,
    "isForked": false
  },
  "spawinphone8": {
    "font_size": 125,
    "isForked": false
  },
  "tabrcandroid": {
    "font_size": 125,
    "isForked": false
  },
  "wType": "TitleBar",
  "watchos": {
    "font_size": 125,
    "isForked": false
  },
  "windows8": {
    "font_size": 125,
    "isForked": false
  },
  "winphone8": {
    "font_size": 125,
    "isForked": false
  }
}