{
    "AS_Button_c4c4469e912d4014bc1bc7b1819cc7c0": {
        "id": "AS_Button_c4c4469e912d4014bc1bc7b1819cc7c0",
        "type": "ACTION_SEQUENCE",
        "params": [{
            "datatype": "collection",
            "name": "eventobject"
        }],
        "contextObj": {
            "name": "frmHome",
            "type": "forms",
            "platform": "",
            "KUID": "d1fe321e2072421692eb2c07a7ba7cfb"
        },
        "actions": [{
            "id": "INVOKE_FUNCTION___1836d1abf80740668d3b734e390dfcd1",
            "type": "INVOKE_FUNCTION",
            "sequenceKUID": "launchBarcodeCapture",
            "display": "launchBarcodeCapture",
            "inputparams": [],
            "parentId": null,
            "callbackType": null
        }]
    }
}