<application id="BarcodeScanner" name="BarcodeScanner" ffixmlversion="2.0" language="js"><jsnamespace namespace="barcode" iphoneheaders="BarcodeReader.zip:MyBarcodeCapWrapper.h;MyBarcodeCapture.h" ipadheaders=""><jsclasses></jsclasses><jsfunctions><jsfunction name="captureBarcode" returntype="void"><params><param name="barcodeCapCallback" type="Function"/></params><mappings><mapping platform="iphone" library="BarcodeReader.zip" namespace="" class="MyBarcodeCapWrapper" static="true" method="launchBarcodeCapture:" returntype="void"  frameworks="libiconv.dylib,AVFoundation.framework,CoreAudio.framework,CoreVideo.framework,CoreMedia.framework"><params><param type="Callback"/></params></mapping><mapping platform="android" library="BarcodeScannerFFI.jar" namespace="com.konydemo.thirdparty.intent" class="ScanAnyBarcode" static="true" method="scanBarcode" returntype="void"  frameworks=""><params><param type="com.konylabs.vm.Function"/></params></mapping></mappings></jsfunction></jsfunctions></jsnamespace></application>