<?xml version="1.0" encoding="UTF-8" standalone="yes"?><javaScriptFFIContainer><namespaces name="barcode"><jsFunctions name="captureBarcode"><mappings platformId="1"><nativeFunction className="MyBarcodeCapWrapper" frameworks="libiconv.dylib,AVFoundation.framework,CoreAudio.framework,CoreVideo.framework,CoreMedia.framework" library="BarcodeReader.zip" name="launchBarcodeCapture:" packageName="" static="false"><params dataType="Callback"/><versionSpecificLibraries><entry><key>5.0</key></entry><entry><key>6.0</key></entry></versionSpecificLibraries></nativeFunction></mappings><mappings platformId="8"><nativeFunction className="ScanAnyBarcode" frameworks="" library="BarcodeScannerFFI.jar" name="scanBarcode" packageName="com.konydemo.thirdparty.intent" static="false"><params dataType="com.konylabs.vm.Function"/><versionSpecificLibraries><entry><key>5.0</key></entry><entry><key>6.0</key></entry></versionSpecificLibraries></nativeFunction></mappings><params dataType="Function" name="barcodeCapCallback"/><returnTypes>void</returnTypes></jsFunctions></namespaces></javaScriptFFIContainer>