{"createdVizVersion":"7.0.0","watchos_longlooknotificationicon_42":"","wap_android240_fontsize":"12","mwaddrkey":"","watchos_notificationcentericon_38":"","createdgaversion":"7.0.0","wap_android640_fontsize":"12","winmobileguidkey":"","desktopwebbasefontsize":"12","watchos_shortlooknotificationicon_42":"","wap_spaandroidtab_fontsize":"12","apppackagekey":"","startupformkey":"frmHome","wap_bb440_fontsize":"12","wap_spaandroidtabldpi_fontsize":"12","isA11yConfigEnabled":false,"wap_android480_fontsize":"12","wap_spawindowstab_fontsize":"12","wap_winphone320_fontsize":"12","defaulttheme":"defaultTheme","watchos_longlooknotificationicon_38":"","watchos_notificationcentericon_42":"","enableactionbar":false,"appmenu":{"focusSkin":null,"tablet":{"data":[{"id":"appmenuitemid1","icon":{"default":"option1.png"},"title":"Item 1","android":{"showAsFlag":0},"kuid":"3533d27bd0c547078a8ad64eae8d0625","windows8":{"position":"BOTTOM_LEFT","appBarButtonStyle":"No Style"}},{"id":"appmenuitemid2","icon":{"default":"option2.png"},"title":"Item 2","android":{"showAsFlag":0},"kuid":"4ab78441bed64609a55bc07d4a381ac6","windows8":{"position":"BOTTOM_LEFT","appBarButtonStyle":"No Style"}},{"id":"appmenuitemid3","icon":{"default":"option3.png"},"title":"Item 3","android":{"showAsFlag":0},"kuid":"2f1353f2ffea43bdb299ed3bc892a7e7","windows8":{"position":"BOTTOM_LEFT","appBarButtonStyle":"No Style"}},{"id":"appmenuitemid4","icon":{"default":"option4.png"},"title":"Item 4","android":{"showAsFlag":0},"kuid":"29311473d0d34c40bc938c317c475469","windows8":{"position":"BOTTOM_LEFT","appBarButtonStyle":"No Style"}}]},"osVersion":"iOS7","wType":"Appmenu","focusskin":null,"osPlatform":"","desktop":{"data":[{"id":"appmenuitemid1","icon":{"default":"option1.png"},"title":"Item 1","kuid":"fd0cc9a5dab94434a860c5457292b90f"},{"id":"appmenuitemid2","icon":{"default":"option2.png"},"title":"Item 2","kuid":"66027c3fb4234ec78cffba5eaab2a03a"},{"id":"appmenuitemid3","icon":{"default":"option3.png"},"title":"Item 3","kuid":"32dafd45b1e4435b800651f7c8405a87"},{"id":"appmenuitemid4","icon":{"default":"option4.png"},"title":"Item 4","kuid":"4bded652f24b4c019a2d86fbe82d684d"}]},"skin":null,"mobile":{"data":[{"id":"appmenuitemid1","icon":{"default":"option1.png"},"title":"Item 1","kuid":"5965b7b6ed55454ab3e41a0d816ad4c9","android":{"showAsFlag":0}},{"id":"appmenuitemid2","icon":{"default":"option2.png"},"title":"Item 2","kuid":"265c1419781646c7bb67bccfeb425ed8","android":{"showAsFlag":0}},{"id":"appmenuitemid3","icon":{"default":"option3.png"},"title":"Item 3","kuid":"141d955ffd5c4af5b543c67e7693997c","android":{"showAsFlag":0}},{"id":"appmenuitemid4","icon":{"default":"option4.png"},"title":"Item 4","kuid":"3d2a2b657e4645d697d0580563bf465a","android":{"showAsFlag":0}}]}},"wap_android360_fontsize":"12","project.type":"js","appversionkey":"1.0.0","mwportkey":"","wap_bb400_fontsize":"12","isNewAppWithRespectToAndroidPackageName":"","build":"debug","wap_android320_fontsize":"12","statusBarHidden":"false","wap_winphone480_fontsize":"12","export.type":"studioviz","wap_bb240_fontsize":"12","wap_bb480_fontsize":"12","wap_spaandroidtabmdpi_fontsize":"12","wap_bb320_fontsize":"12","project_version":"sprint22","wap_android400_fontsize":"12","appaddrkey":"","wap_ip_fontsize":"12","watchos_shortlooknotificationicon_38":"","appidkey":"BarcodeScanner","currentgaversion":"7.0.0","mwhttpsportkey":"","vendornamekey":"KonyLabs","konyVizVersion":"7.0.0","appnamekey":"BarcodeScanner","APPLICATION_THEME":"default","wap_android440_fontsize":"12","wap_spaipad_fontsize":"12","wap_spaandroidtabhdpi_fontsize":"12","nativeContainerProperties":{"isModified":false,"isEnableJSContaineriOS":false,"isEnableJSContainerAndroid":false,"isEnableJSContainer":false},"wap_bb360_fontsize":"12"}