{
    "@class": "com.kony.gen.viz.model.component.KVizButton",
    "DNDConfig": null,
    "__parentReadjusting__": false,
    "_height_": {
        "type": "string",
        "value": "100%"
    },
    "_left_": {
        "type": "string",
        "value": "70%"
    },
    "_margin_": [
        6,
        6,
        6,
        6
    ],
    "_padding_": [
        0,
        0,
        0,
        0
    ],
    "_skin_": "s04746777ff447a09da4e14a888f778d",
    "_text_": "",
    "_top_": {
        "type": "string",
        "value": "0dp"
    },
    "_width_": {
        "type": "string",
        "value": "27%"
    },
    "canUpdateUI": true,
    "containerweight": 100,
    "contentalignment": 5,
    "disabledSkins": {},
    "displaytext": true,
    "focusskin": "sc96d047a38e42f391685bf79189cd21",
    "id": "btnScan",
    "ide_onClick": "AS_Button_c4c4469e912d4014bc1bc7b1819cc7c0",
    "info": null,
    "isvisible": true,
    "kuid": "404709a26e0243bfb528816bbb6763e2",
    "name": "kony.ui.Button",
    "parent": "flxManualServiceTag",
    "pf": "frmHome",
    "wType": "Button",
    "zindex": 1
}