{
    "@class": "com.kony.gen.viz.model.component.KVizTextBox2",
    "DNDConfig": null,
    "__parentReadjusting__": false,
    "_height_": {
        "type": "string",
        "value": "100%"
    },
    "_left_": {
        "type": "string",
        "value": "3%"
    },
    "_margin_": [
        0,
        0,
        0,
        0
    ],
    "_padding_": [
        3,
        0,
        0,
        0
    ],
    "_placeholder_": "Scanned Text",
    "_skin_": "s5c9b95fdee84ab2a31b9c36f1610437",
    "_text_": "",
    "_top_": {
        "type": "string",
        "value": "0dp"
    },
    "_width_": {
        "type": "string",
        "value": "65%"
    },
    "autocapitalize": "none",
    "autocomplete": false,
    "autocorrect": false,
    "autofilter": false,
    "canUpdateUI": true,
    "containerheight": "",
    "containerheightmode": 1,
    "containerweight": 100,
    "contentalignment": 4,
    "id": "txtServicetag",
    "info": null,
    "isvisible": true,
    "keyboardtype": "A",
    "kuid": "393cb96d214744efbbe68fb8c4cd9349",
    "mode": "A",
    "name": "kony.ui.TextBox2",
    "parent": "flxManualServiceTag",
    "pf": "frmHome",
    "placeholderskin": "se9eab1fa1894bb791ed20c2f240faa8",
    "securetextentry": false,
    "textinputmode": "A",
    "viewtype": "default",
    "wType": "TextField"
}